Topic,Topic_Probability,Reddit_Post
0,0.5781972,"So now the Heads Up Alliance are fucking health nuts too They blocked me on my main Insta, and Facebook won't let me use their service without signing in, so this screenshot was taken on my public aviation account. Link to the post is in comments"
0,0.97503734,"Do you really trust social media companies with your ID? 
All Australians Required To Verify Age To Social Media 

Under new age limits for social media we are all being targeted. Are you going to trust Zuckerberg or worse Tik Tok with your verifiable id documents?"
2,0.98433375,What's your opinion of people saying they'll never visit Australia? Been seeing this across all social media platforms - some video about Australian wildlife with a lot of highly-liked comments saying they'd never go to Australia or some variant of that
2,0.6589255,"Anyone remember that social media ban for kids? Like, I swear that was a thing, I was preparing to teach my kids how to use a vpn for Minecraft, but it just seems to have disappeared?

Did we all just collectively forget about that? Iâ€™m fine with that, if so!"
3,0.8270588,"Update: passed first try and I'm closer to getting my permit, but I'd much rather braid Satan's ball hair than have to go through that slideshow again Just censoring the confirmation code. Idk if I have to or not, but just in case one of you cheaters try to steal my thunder"
3,0.7587787,"Brooke Bellamy posts first social media video since Nagi Maehashi plagiarism claims Love to see it when people accused of plagiarism pull out the old ""inspired by"" line...not much in the way of contrition it seems."
4,0.9234093,"Here's a Win! [https://abcnews.go.com/US/wireStory/judge-strikes-ohio-law-limiting-kids-social-media-120909417](https://abcnews.go.com/US/wireStory/judge-strikes-ohio-law-limiting-kids-social-media-120909417)

I hope that decision stands."
4,0.8289543,"Good Youtube channel to learn Australian politics I am looking to learn more about Australian politics, diplomatic policies, analysis around Australian social issues. Is there a good Youtube channel(s) that provide in depth analysis of these issues based on evidence?"
